事業者名,登録番号
こっかいとしょかん,T1-0000-1100-0005
ないかくほうせいきょく,T1-0000-1201-0003
ちゅうしょうきぎょうちょう,T1-0000-1209-0004
うんゆあんぜんいいんかい,T1-0000-1210-0002
かんきょうしょう,T1-0000-1211-0001
めぐろく,T1-0000-2013-1105
おおたく,T1-0000-2013-1113
せたがやく,T1-0000-2013-1121
かつしかく,T1-0000-2013-1229
えどがわく,T1-0000-2013-1237
はちおうじし,T1-0000-2013-2012
ひのし,T1-0000-2013-2128
ひがしむらやまし,T1-0000-2013-2136
こくぶんじし,T1-0000-2013-2144
くにたちし,T1-0000-2013-2152
はむらし,T1-0000-2013-2276
あきるのし,T1-0000-2013-2284
にしとうきょうし,T1-0000-2013-2292
みずほし,T1-0000-2013-3035
ひのでまち,T1-0000-2013-3051
としまむら,T1-0000-2013-3621
